<key>installer_choices_xml</key>
<array>
    <dict>
        <key>attributeSetting</key>
        <integer>1</integer>
        <key>choiceAttribute</key>
        <string>selected</string>
        <key>choiceIdentifier</key>
        <string>core</string>
    </dict>
    <dict>
        <key>attributeSetting</key>
        <integer>0</integer>
        <key>choiceAttribute</key>
        <string>selected</string>
        <key>choiceIdentifier</key>
        <string>admin</string>
    </dict>
    <dict>
        <key>attributeSetting</key>
        <integer>1</integer>
        <key>choiceAttribute</key>
        <string>selected</string>
        <key>choiceIdentifier</key>
        <string>app</string>
    </dict>
    <dict>
        <key>attributeSetting</key>
        <integer>1</integer>
        <key>choiceAttribute</key>
        <string>selected</string>
        <key>choiceIdentifier</key>
        <string>launchd</string>
    </dict>
</array>